customer_id,first_name,last_name,email,ssn,phone,location_id,language,full_name
1,Gabriello,Stocky,gstocky0@umich.edu,723-58-6387,786-509-8335,5ca80b84-441f-4bb7-b9a7-494ceb8a7d5e,Malay,Gabriello Stocky
2,Merna,Fruchter,mfruchter1@g.co,843-48-1389,879-158-7893,3dea5206-1db4-4d4e-a1fc-7b516a9d505d,English,Merna Fruchter
3,Nelly,Bloys,nbloys2@nps.gov,510-92-1277,638-789-1317,bc457ce7-1b3b-4580-ae0b-2c941fe045ec,Malagasy,Nelly Bloys
4,Orren,Adne,oadne3@goo.gl,137-63-0452,969-323-4799,b752c273-66d2-4b23-aac0-498d50dbc119,Korean,Orren Adne
5,Ashely,Chomiszewski,achomiszewski4@dell.com,459-83-9459,832-379-7609,04a8dbe2-8fc4-48ad-be5f-9edf6bfb0862,Korean,Ashely Chomiszewski
6,Conchita,Tedder,ctedder5@goodreads.com,217-73-9467,688-426-9373,907ba6b7-c978-441c-bc82-4d5b5e7d1139,Oriya,Conchita Tedder
7,Ivett,Walmsley,iwalmsley6@jalbum.net,725-40-4014,949-442-7472,227a2138-278d-4628-a0a0-f216aab055f7,Persian,Ivett Walmsley
8,Babbette,Spurling,bspurling7@netvibes.com,617-49-6745,480-983-2831,089d8394-2525-48d8-b6bd-89a520d95069,Yiddish,Babbette Spurling
9,Marena,Faughny,mfaughny8@plala.or.jp,793-86-2890,792-220-5586,f0ddfef3-d4a1-4727-bf15-d0895f81c73a,Malayalam,Marena Faughny
10,Corrinne,Jirsa,cjirsa9@slideshare.net,508-85-2662,990-638-9358,849b686d-1c54-417c-8210-b58a1463e01d,Dzongkha,Corrinne Jirsa
11,Mike,Giannotti,mgiannottia@linkedin.com,522-63-9325,250-979-1179,f1fe05c9-6d80-4042-bc72-86f6f2e74d75,Fijian,Mike Giannotti
12,Sherye,Rimmington,srimmingtonb@tiny.cc,290-45-6436,889-587-3924,4059ec95-0dd7-4388-9be0-bda18fda411b,Portuguese,Sherye Rimmington
13,Marilyn,Shorter,mshorterc@nps.gov,150-50-1081,961-175-6304,af4bb0d3-3f80-4141-8c6b-b667f7456869,Indonesian,Marilyn Shorter
14,Tailor,Morcombe,tmorcombed@shareasale.com,430-68-8790,260-894-9865,a4570fdb-26bd-4343-b3d4-73c5e0fc0a39,Aymara,Tailor Morcombe
15,Pepillo,Seals,psealse@unesco.org,394-53-1555,818-415-8927,d94e2afe-4b80-4e22-a2c4-bf52408eff7b,Romanian,Pepillo Seals
16,Claudetta,Josefs,cjosefsf@artisteer.com,729-91-0326,264-627-4278,26b32498-bb89-4495-8a10-e4c4c70bf5dd,Pashto,Claudetta Josefs
17,Dov,Grantham,dgranthamg@sogou.com,327-28-1620,363-376-7519,26b32498-bb89-4495-8a10-e4c4c70bf5dd,Khmer,Dov Grantham
18,Gina,Tuckie,gtuckieh@un.org,431-11-7270,531-255-6912,7b7684ce-6e89-440f-81cc-0b06579aa34d,Kashmiri,Gina Tuckie
19,Jamal,Ayree,jayreei@weibo.com,756-66-1359,934-412-7229,10ca9bc0-3d61-476b-9ce6-466e07b802f2,Arabic,Jamal Ayree
20,Pavla,Drackford,pdrackfordj@mapquest.com,183-03-2075,756-828-9049,f7ba5980-b2c9-4fba-9923-9268a02bed9e,Kyrgyz,Pavla Drackford
21,Domenic,Praill,dpraillk@craigslist.org,887-85-1754,280-382-5418,3f018fab-b4ab-43aa-84a6-83e59ca77ac3,Tamil,Domenic Praill
22,Noella,Pryer,npryerl@ning.com,318-21-4872,860-644-0843,d231b029-9049-4f48-986e-af68a649f95c,Swedish,Noella Pryer
23,Curtice,Flockhart,cflockhartm@tinyurl.com,690-78-4628,919-565-3669,ee3601a5-4ec3-4d26-a80e-4a3d18d424ab,Tajik,Curtice Flockhart
24,Hughie,Lampaert,hlampaertn@purevolume.com,884-76-7227,503-693-7123,2e8ee6d2-19f4-4574-991c-d3bbbb819965,Zulu,Hughie Lampaert
25,Mitzi,Brooksbie,mbrooksbieo@pagesperso-orange.fr,356-62-1236,262-132-9902,d83c7fbe-3beb-4b15-81ae-4404ddd4af19,Indonesian,Mitzi Brooksbie
26,Christian,McCuffie,cmccuffiep@nbcnews.com,621-71-5833,789-736-1225,23a089f4-3d06-43d5-8270-30f987ba5956,Spanish,Christian McCuffie
27,Hagan,Southwick,hsouthwickq@creativecommons.org,178-69-7814,404-854-5788,6f13894e-6f03-4e64-9694-1a218aa13106,Bulgarian,Hagan Southwick
28,La verne,Ruddy,lverner@wunderground.com,502-73-2632,361-335-3585,217853e2-ab42-45ee-8769-85c66f9ed60c,Estonian,La verne Ruddy
29,Sella,Wiggins,swigginss@opensource.org,614-19-5808,487-711-7474,63f5151b-17a0-4914-b12f-19063761f7bd,Yiddish,Sella Wiggins
30,Adelle,Mant,amantt@51.la,326-27-4675,353-449-8749,4392f3ea-c7f7-4e7a-86ec-1fb9d223ae78,Kyrgyz,Adelle Mant
31,Fancy,Espin,fespinu@pcworld.com,355-71-7352,495-389-8114,8eac8fb2-e657-44d2-a030-58fca80e4710,Swati,Fancy Espin
32,Dominique,Glowach,dglowachv@about.com,714-03-7457,208-492-7550,3d78d75e-b20a-4688-a222-b3c40c0040b3,Kurdish,Dominique Glowach
33,Ricardo,Bakey,rbakeyw@nih.gov,632-41-0511,243-929-0138,7508b9ec-0e5a-4291-bdb1-42fd3f11c601,Dhivehi,Ricardo Bakey
34,Kim,Mercy,kmercyx@netvibes.com,667-32-0930,361-829-2802,c899c3d9-f75f-4942-91e3-01e00a1e784b,Romanian,Kim Mercy
35,Shaw,Duchateau,sduchateauy@stanford.edu,229-69-6172,679-314-1613,7d6b45f5-496a-4df3-82f4-d7b3370943fb,Latvian,Shaw Duchateau
36,Wye,Warmington,wwarmingtonz@de.vu,821-92-2766,457-540-0915,a7bf27dd-8766-49da-a235-9695ec029ef7,Hungarian,Wye Warmington
37,Sidoney,Jarrell,sjarrell10@yellowbook.com,411-02-1169,975-272-4145,10ca9bc0-3d61-476b-9ce6-466e07b802f2,Amharic,Sidoney Jarrell
38,Teodoro,Yakushkin,tyakushkin11@ow.ly,133-61-4909,782-650-5663,788020ab-3d51-49b7-8052-2107593fb1b8,Czech,Teodoro Yakushkin
39,Irwinn,Barracks,ibarracks12@prweb.com,298-23-4390,774-994-9676,f05ef1ef-a672-4787-b9c4-ec957d3d2cef,Portuguese,Irwinn Barracks
40,Mariya,Stiven,mstiven13@skype.com,390-39-0815,920-983-1710,217ec836-ee1b-4372-96c7-6548ba55a15f,Montenegrin,Mariya Stiven
41,Jeremias,Secretan,jsecretan14@bloglovin.com,715-70-7199,373-643-4952,091f3575-2c9d-4f75-ac19-029bab475a12,Gujarati,Jeremias Secretan
42,Gwenneth,Chatwood,gchatwood15@mozilla.org,420-61-7351,672-564-5657,2b70a998-94d7-44ec-91f4-5a5e7d50b6c8,Belarusian,Gwenneth Chatwood
43,Eugene,Flatte,eflatte16@sciencedirect.com,173-04-4076,898-945-7045,24f9aeff-02e4-439b-8615-09a5aa0127dc,German,Eugene Flatte
44,Jocelyne,O'Cannan,jocannan17@homestead.com,699-99-0817,492-408-8736,05c06f7b-6bc0-4bd5-822e-7a16ca022c88,Kurdish,Jocelyne O'Cannan
45,Perry,Gyves,pgyves18@yellowbook.com,845-55-9970,924-461-3395,c75fb842-03f2-4332-b439-eeb86b54ab7e,Norwegian,Perry Gyves
46,Katherine,Rhyme,krhyme19@dyndns.org,837-71-0521,709-206-0515,d1002fcf-65ff-4819-9c92-c500a87bc2ea,Kazakh,Katherine Rhyme
47,Garreth,Shelmerdine,gshelmerdine1a@jalbum.net,886-36-4932,651-153-4529,3aca390e-a1ca-45ab-8497-ff70b03b8b4d,Gagauz,Garreth Shelmerdine
48,Luelle,Brookes,lbrookes1b@ox.ac.uk,110-66-8600,894-215-2007,1d72a80e-b2f4-4204-ba49-98c4c7c5a170,Maltese,Luelle Brookes
49,Caz,Hayton,chayton1c@behance.net,531-78-5209,401-396-6266,3b00edf2-72e3-4a08-8228-568cb5f11836,Bulgarian,Caz Hayton
50,Natty,Oselton,noselton1d@photobucket.com,687-58-8298,333-513-7795,1be647f6-bdc5-4dbf-83ad-3521f625c510,German,Natty Oselton
51,Lesly,Sturridge,lsturridge1e@businesswire.com,681-65-6161,337-528-5085,e8eba7a8-6585-4fd7-b529-fd79c20721c1,Gujarati,Lesly Sturridge
52,Vernen,Janman,vjanman1f@paginegialle.it,655-32-8932,283-895-7561,b61c763d-af6a-4dd5-a701-28ca3b75cc01,Polish,Vernen Janman
53,Jobyna,Whitta,jwhitta1g@dell.com,632-60-0278,576-763-9482,835a6539-9968-485d-a4a4-f09b50dcbc33,Japanese,Jobyna Whitta
54,Edyth,McCawley,emccawley1h@dyndns.org,828-87-4808,555-577-5289,dd814bd5-f6cf-4760-b855-d4c567f1e93e,Telugu,Edyth McCawley
55,Dore,Greggersen,dgreggersen1i@canalblog.com,845-79-5101,469-613-6113,c2daacbe-3388-4e40-95e2-2f10d09f5c45,Punjabi,Dore Greggersen
56,Gar,Willas,gwillas1j@joomla.org,736-87-4657,147-967-3178,e8144c29-a317-4b70-ab2b-84ddc384c2e5,Italian,Gar Willas
57,Fletch,Burdge,fburdge1k@e-recht24.de,889-58-4884,201-675-3337,36d8c6c2-f596-48ea-9f79-941e6ad14e8c,Azeri,Fletch Burdge
58,Philipa,Goodluck,pgoodluck1l@reverbnation.com,160-74-9395,255-867-5088,0f10f7e6-14ca-4518-9d36-c6b627327857,Marathi,Philipa Goodluck
59,Wileen,Tiptaft,wtiptaft1m@ocn.ne.jp,172-54-7147,786-243-2184,01e5f9ee-113d-4ca9-b30f-45bbcba70971,Hungarian,Wileen Tiptaft
60,Claudette,Chesser,cchesser1n@odnoklassniki.ru,660-17-4083,711-595-2199,5474d06e-2191-469a-9e12-8b790dfb1d7f,Burmese,Claudette Chesser
61,Jake,Goodday,jgoodday1o@un.org,593-52-4138,992-260-1963,e8144c29-a317-4b70-ab2b-84ddc384c2e5,Sotho,Jake Goodday
62,Jean,Moens,jmoens1p@ca.gov,689-32-9789,488-410-0823,696abd63-2a45-4c25-845d-6d780a60b2ed,Catalan,Jean Moens
63,Vanny,Choat,vchoat1q@cocolog-nifty.com,697-84-8362,345-862-0465,590a5c5d-d5c8-4833-a70b-8fbecafd4f19,Portuguese,Vanny Choat
64,Kimmi,Raftery,kraftery1r@seattletimes.com,182-36-7027,627-275-9813,6f207368-f51d-4477-9e9f-3dc0e921d2f0,New Zealand Sign Language,Kimmi Raftery
65,Warner,Ineson,wineson1s@imgur.com,474-65-4719,841-921-5618,d08c0dc2-2386-48e3-bc3d-9f4427c84855,Chinese,Warner Ineson
66,Gay,Brand-Hardy,gbrandhardy1t@zimbio.com,453-97-1457,963-994-4027,a73ca246-a8f2-4fe3-83a0-b3fc2f93df59,Dhivehi,Gay Brand-Hardy
67,Joel,McGruar,jmcgruar1u@e-recht24.de,378-43-8254,755-714-4229,b81c0120-4c13-4788-9c7c-231d1d11d883,Dari,Joel McGruar
68,Morton,Birtwhistle,mbirtwhistle1v@businessweek.com,525-94-4865,819-206-8713,c37c5ab2-72ea-421c-8225-c638f5e0423d,Spanish,Morton Birtwhistle
69,Arv,MacCole,amaccole1w@theatlantic.com,407-38-0981,211-309-7844,7d6b45f5-496a-4df3-82f4-d7b3370943fb,Luxembourgish,Arv MacCole
70,Kalil,Newlands,knewlands1x@paginegialle.it,763-49-6230,851-773-1977,47d8adc2-9056-49df-828a-9a64d8784696,Dari,Kalil Newlands
71,Imelda,Jecks,ijecks1y@opera.com,402-67-6358,372-709-8984,1cd2667b-322c-4fbb-9f83-9909e1503636,Hindi,Imelda Jecks
72,Jessie,Kemery,jkemery1z@shop-pro.jp,534-16-8097,805-122-2711,53150a76-6230-4f5b-a89c-04f7ce0ac96c,Sotho,Jessie Kemery
73,Celine,Warrillow,cwarrillow20@boston.com,471-35-6189,801-359-4289,880dff90-df16-426a-8a84-351f4886c50d,Japanese,Celine Warrillow
74,Annis,Hymers,ahymers21@npr.org,141-26-2416,306-451-5784,fc28427c-4d93-486c-ab66-02d8aa95d3af,Burmese,Annis Hymers
75,Norris,Stollard,nstollard22@icq.com,847-57-1998,258-600-7259,10089ef0-c9e5-4be1-a738-8a8654b45495,Icelandic,Norris Stollard
76,Ivette,Maureen,imaureen23@craigslist.org,514-01-9650,561-602-3147,e5a4d12e-cbc7-4388-a479-bb936542288a,Northern Sotho,Ivette Maureen
77,Jarvis,Gimblett,jgimblett24@hubpages.com,533-42-9374,736-514-9979,4689a64d-3f7a-4152-a243-d712320a098e,Armenian,Jarvis Gimblett
78,Brit,Zecchii,bzecchii25@qq.com,870-21-6718,608-509-8580,10ca9bc0-3d61-476b-9ce6-466e07b802f2,Greek,Brit Zecchii
79,Sigmund,Bamell,sbamell26@hp.com,231-52-2854,534-363-8118,847ee39a-be4a-4718-8681-00d8a5cbc1ea,Telugu,Sigmund Bamell
80,Burke,Lighterness,blighterness27@bluehost.com,165-76-0234,225-411-0285,2bc4022f-edd7-43c9-923c-5ae63cd4ce26,Swahili,Burke Lighterness
81,Melba,Fullbrook,mfullbrook28@feedburner.com,480-43-8705,631-433-3024,fd474fb7-09b0-4289-9d5b-0726ee34fc12,Tetum,Melba Fullbrook
82,Dody,Raun,draun29@slate.com,844-74-2378,679-845-2234,6a3d0e72-56a0-4545-814b-6d198682510f,Kannada,Dody Raun
83,Esmaria,Kenewell,ekenewell2a@apple.com,316-37-6829,279-805-7350,bfaecf0f-eddc-47d6-be32-64a06cf3e73c,Bislama,Esmaria Kenewell
84,Jacky,Kornousek,jkornousek2b@princeton.edu,210-65-2529,302-161-3151,ef6eba8b-c78f-4671-a7c7-2f8443799d8c,Tsonga,Jacky Kornousek
85,Vic,Cheek,vcheek2c@imgur.com,680-36-3034,717-808-3304,9bd8b9a6-207b-4670-8cbc-8dc2aa0f7faf,New Zealand Sign Language,Vic Cheek
86,Kimmie,Salle,ksalle2d@sina.com.cn,758-46-8275,740-126-3272,85485b2b-cbb5-4f20-9fec-a840bb754e38,Irish Gaelic,Kimmie Salle
87,Albrecht,Caso,acaso2e@histats.com,331-67-3240,909-522-7337,172e5d76-2c5c-4c41-88e8-560e53d5c035,Aymara,Albrecht Caso
88,Valli,Stollery,vstollery2f@omniture.com,890-23-2846,193-113-4951,f0978256-6814-4c33-b5ce-b22b3f77d1cf,Bislama,Valli Stollery
89,Mab,Nelmes,mnelmes2g@miibeian.gov.cn,412-42-3543,697-141-1531,33e26baa-84e2-4118-8f27-0cad804b6612,Croatian,Mab Nelmes
90,Romola,Craighill,rcraighill2h@nba.com,234-67-2270,997-805-6605,472bf93b-9814-4a86-8db5-0866ebb11567,Dutch,Romola Craighill
91,Chet,Imlacke,cimlacke2i@slate.com,420-69-9371,850-344-2893,e60429f1-b5ba-4112-9383-9413e30c04ad,Marathi,Chet Imlacke
92,Lars,Gipp,lgipp2j@about.com,451-65-6153,977-570-1048,ad0d0a15-ba17-42d7-8c30-601be4e9fa12,Swati,Lars Gipp
93,Tad,Adnett,tadnett2k@vk.com,105-38-1176,981-975-8067,9bd8b9a6-207b-4670-8cbc-8dc2aa0f7faf,Italian,Tad Adnett
94,Reuben,Piatek,rpiatek2l@dion.ne.jp,596-76-5769,148-820-4932,19ac8d00-5c8a-49e1-9558-db518f806762,New Zealand Sign Language,Reuben Piatek
95,Bert,Curteis,bcurteis2m@amazonaws.com,660-28-2625,202-217-1317,01e5f9ee-113d-4ca9-b30f-45bbcba70971,Armenian,Bert Curteis
96,Anny,Kingsly,akingsly2n@dmoz.org,221-22-1676,929-511-1314,4059ec95-0dd7-4388-9be0-bda18fda411b,Haitian Creole,Anny Kingsly
97,Adan,Goldthorpe,agoldthorpe2o@indiatimes.com,831-10-3138,258-451-4880,275e8562-7f29-4ebf-a80a-21ffb69b052a,Italian,Adan Goldthorpe
98,Sheridan,Wintour,swintour2p@alexa.com,785-85-5848,441-465-7753,630cd998-5dcf-42b4-81e0-6ef82de6402b,Mongolian,Sheridan Wintour
99,Sayre,Pencott,spencott2q@google.ca,636-20-4025,263-123-5843,26b32498-bb89-4495-8a10-e4c4c70bf5dd,Telugu,Sayre Pencott
100,Karl,Stedall,kstedall2r@de.vu,864-53-8215,557-564-0906,022beaaf-aee2-4e13-83e8-71b330d79970,Khmer,Karl Stedall
101,Nolana,Anwyl,nanwyl2s@example.com,387-28-3711,672-724-4593,e997dc6f-1528-4be7-be34-f4b79a556125,Kurdish,Nolana Anwyl
102,Aleta,Rundle,arundle2t@blogtalkradio.com,303-90-4642,172-769-5711,c75fb842-03f2-4332-b439-eeb86b54ab7e,Malagasy,Aleta Rundle
103,Ulberto,Eloy,ueloy2u@alexa.com,671-61-1798,195-584-7158,90f340d1-345e-4991-b754-5e949a20ab57,Kazakh,Ulberto Eloy
104,Eula,Alenin,ealenin2v@imdb.com,897-69-6533,139-640-6729,bd98017d-989d-43d2-a8f6-46aa0a43e8e2,Malayalam,Eula Alenin
105,Olivie,Odhams,oodhams2w@theatlantic.com,247-50-7281,792-250-1695,7ac612bd-3e89-44d9-bee3-39e6b60cf425,Persian,Olivie Odhams
106,Dane,Inker,dinker2x@google.it,211-91-2437,747-716-1309,1be647f6-bdc5-4dbf-83ad-3521f625c510,Italian,Dane Inker
107,Ginger,Kinnen,gkinnen2y@tmall.com,678-91-7515,377-944-3848,d44c7feb-9c25-4020-a976-ef6fcf455902,Belarusian,Ginger Kinnen
108,Cornelle,Wagerfield,cwagerfield2z@about.com,795-01-2725,151-480-6092,104ed596-c080-4149-8545-8d56a108f8ab,Swedish,Cornelle Wagerfield
109,Florinda,Himsworth,fhimsworth30@dagondesign.com,712-65-8279,723-360-9044,c2daacbe-3388-4e40-95e2-2f10d09f5c45,Marathi,Florinda Himsworth
110,Felicity,Rist,frist31@phoca.cz,754-83-8486,464-544-3557,a9196390-41e6-40e6-bed6-8a58896ec1f5,Tsonga,Felicity Rist
111,Sanderson,Spancock,sspancock32@cbc.ca,129-10-2352,911-832-7446,95df4c76-37c7-4a72-a191-6261e6c26567,Belarusian,Sanderson Spancock
112,Lance,Klesel,lklesel33@eepurl.com,411-26-8442,828-141-2094,907ba6b7-c978-441c-bc82-4d5b5e7d1139,Fijian,Lance Klesel
113,Sven,Flaws,sflaws34@deliciousdays.com,433-52-7457,269-660-2350,b3e27822-c083-4f24-9a4b-0f9c8d533ca8,Lao,Sven Flaws
114,Kai,Pilpovic,kpilpovic35@imdb.com,828-92-0414,133-524-4082,f05ef1ef-a672-4787-b9c4-ec957d3d2cef,Dzongkha,Kai Pilpovic
115,Cortie,Tupling,ctupling36@blogtalkradio.com,711-59-5511,981-861-5946,3232e0db-832f-4db2-9f26-287036ac649e,Chinese,Cortie Tupling
116,Angelico,Layborn,alayborn37@nature.com,434-32-5393,878-233-6512,2f4c924f-9322-45b2-b4b5-1b010b74d203,Latvian,Angelico Layborn
117,Creigh,Crebo,ccrebo38@va.gov,223-48-0672,679-560-6406,79692d99-74e7-4a70-b252-237051a81c6f,Thai,Creigh Crebo
118,Gaby,Cortese,gcortese39@naver.com,479-66-3071,259-421-9882,3d78d75e-b20a-4688-a222-b3c40c0040b3,Aymara,Gaby Cortese
119,Alison,Seville,aseville3a@icq.com,469-58-9207,758-705-1701,b6cdfe58-c2cd-4880-9a66-4366a7363e7e,Croatian,Alison Seville
120,Lynnette,Riccelli,lriccelli3b@uiuc.edu,708-31-6893,424-543-8208,47ec5755-ea64-4949-817f-def7d311a129,Malayalam,Lynnette Riccelli
121,Derward,Curtain,dcurtain3c@rambler.ru,261-53-8487,882-344-4891,74cedfce-a464-483d-8e55-29de3b378ea9,Oriya,Derward Curtain
122,Olive,Horbath,ohorbath3d@t-online.de,686-60-9924,764-624-4999,00bf7a51-afe2-411d-85f6-3d66f81defad,Lao,Olive Horbath
123,Erek,Busek,ebusek3e@mit.edu,859-83-9756,812-788-9411,d3c487a8-c0ee-4654-9419-b7c2bfd35db2,Polish,Erek Busek
124,Brett,Fitt,bfitt3f@blinklist.com,399-57-1789,928-401-1213,cdfe6995-09d3-4c34-a05e-c5312e56ad99,Tajik,Brett Fitt
125,Ailene,Kobera,akobera3g@a8.net,507-96-2114,688-660-6812,c37c5ab2-72ea-421c-8225-c638f5e0423d,Irish Gaelic,Ailene Kobera
126,Jonas,Wardley,jwardley3h@123-reg.co.uk,413-41-5156,847-297-9654,3153c62d-2aa4-4072-a1f5-b2bde178a095,Punjabi,Jonas Wardley
127,Deborah,Wilderspoon,dwilderspoon3i@yolasite.com,730-24-1746,850-534-8678,a252ff69-b21b-4539-b50f-e7fcdae81c18,Icelandic,Deborah Wilderspoon
128,Riane,Horley,rhorley3j@webmd.com,497-41-1654,463-337-2075,ef52ea6b-4f20-413b-8c41-dc83d5fc7de9,Tsonga,Riane Horley
129,Carmon,Sibbs,csibbs3k@skype.com,171-89-4108,692-117-9744,f0978256-6814-4c33-b5ce-b22b3f77d1cf,Polish,Carmon Sibbs
130,Ervin,Vockings,evockings3l@netvibes.com,520-65-9876,543-724-6348,0b7b4a8e-b0bb-42f2-a085-37c8e8190199,Sotho,Ervin Vockings
131,Selena,Mawby,smawby3m@dagondesign.com,217-61-9973,702-717-2134,7eb426f2-a301-4b63-b17f-d94e0dad0aaf,Punjabi,Selena Mawby
132,Arda,Bhatia,abhatia3n@smugmug.com,239-28-6165,843-605-2699,b2318161-9db2-407b-b00e-abe660d28cb3,Malay,Arda Bhatia
133,Dulcia,Dobbing,ddobbing3o@naver.com,465-16-0884,633-136-6910,aaaefe26-7966-4c64-8139-509f36fa3488,Bosnian,Dulcia Dobbing
134,Frank,Nussii,fnussii3p@mediafire.com,528-50-9850,702-907-7606,f7e50350-1543-4c1a-ab6f-d82dd4abb61c,Belarusian,Frank Nussii
135,Alexine,Le Claire,ale3q@java.com,601-31-3597,103-798-9669,51c5576b-0a79-4a67-ae9e-8cd0e82d9147,Croatian,Alexine Le Claire
136,Moina,Landman,mlandman3r@phpbb.com,718-03-6014,202-210-7927,63f5151b-17a0-4914-b12f-19063761f7bd,Amharic,Moina Landman
137,Lodovico,Wigzell,lwigzell3s@uol.com.br,330-56-5534,870-173-6312,d1002fcf-65ff-4819-9c92-c500a87bc2ea,Somali,Lodovico Wigzell
138,Anthony,Ivanchikov,aivanchikov3t@youku.com,243-31-0215,808-171-2646,181dcbc5-d66a-44d9-9b42-ceaaaad2ea23,Punjabi,Anthony Ivanchikov
139,Nikolai,Reinard,nreinard3u@baidu.com,862-27-7581,206-603-2368,275c0dd1-8d88-4e3b-9d75-7827849d2af1,Romanian,Nikolai Reinard
140,Stu,Garman,sgarman3v@wix.com,467-51-6291,461-903-3696,1f273bed-3d4c-4a39-b78c-9378325ae5d2,Punjabi,Stu Garman
141,Deane,McNern,dmcnern3w@sakura.ne.jp,515-09-9559,539-933-2606,fc2a6ce8-90b7-4432-88a4-a9828f64fe9c,Mongolian,Deane McNern
142,Cybil,Briddock,cbriddock3x@prnewswire.com,840-17-6121,545-501-8873,8b08f626-5fd4-49bb-8934-831baf85bfca,Yiddish,Cybil Briddock
143,Caroline,Croucher,ccroucher3y@51.la,572-64-1895,943-928-7763,5474d06e-2191-469a-9e12-8b790dfb1d7f,Danish,Caroline Croucher
144,Jodi,Marris,jmarris3z@squidoo.com,433-30-0130,402-657-9930,94c30b61-a045-4823-a6b8-036ccf6ba841,Swati,Jodi Marris
145,Ninon,Ledster,nledster40@google.ca,811-84-5380,202-334-7163,56a3a5bd-c49b-49ec-a401-3deece39c7d3,Filipino,Ninon Ledster
146,Amerigo,Blais,ablais41@barnesandnoble.com,856-08-0344,841-463-5692,33aa0e2f-61b3-4973-b080-6b242bc314a6,Czech,Amerigo Blais
147,Noam,Woolatt,nwoolatt42@craigslist.org,202-42-9652,901-601-2361,e65808f0-71e7-49f0-8722-a266a7f70051,Burmese,Noam Woolatt
148,Benito,Barnard,bbarnard43@multiply.com,892-70-4528,305-363-1881,94549558-745c-4232-9df4-d32b70ea2531,Papiamento,Benito Barnard
149,Hercule,Splevins,hsplevins44@nature.com,101-52-6391,667-792-8688,2a45c805-5f01-4326-a476-061b0fb57f60,Pashto,Hercule Splevins
150,Ebeneser,Filchakov,efilchakov45@newyorker.com,325-85-3479,989-128-5561,db7c1239-6f73-47d3-a5af-db9c6e37d73e,Azeri,Ebeneser Filchakov
151,Eugenia,Lackemann,elackemann46@squarespace.com,247-21-5278,399-503-5203,33e26baa-84e2-4118-8f27-0cad804b6612,Haitian Creole,Eugenia Lackemann
152,Lem,Spellsworth,lspellsworth47@storify.com,706-76-5627,770-846-5592,c804b815-a591-4862-8305-b78738999abd,Fijian,Lem Spellsworth
153,Reggie,Cavanaugh,rcavanaugh48@hibu.com,389-45-7227,168-302-6927,7508b9ec-0e5a-4291-bdb1-42fd3f11c601,Malagasy,Reggie Cavanaugh
154,Roman,Denacamp,rdenacamp49@facebook.com,565-58-0105,660-762-3255,1cd2667b-322c-4fbb-9f83-9909e1503636,Oriya,Roman Denacamp
155,Janaye,Yemm,jyemm4a@oaic.gov.au,223-41-0251,489-490-3513,5f21d3b2-1d38-423f-adc9-93d1168e73c0,Indonesian,Janaye Yemm
156,Justus,Davers,jdavers4b@twitter.com,793-94-9654,333-878-1458,3d3a8bd9-78c8-4d8a-abd3-dcb77b522d40,Māori,Justus Davers
157,Holmes,Coghlan,hcoghlan4c@dion.ne.jp,161-12-3573,721-132-2091,491eebe5-b0e8-4fd0-b3a4-51d7bbcd3fa2,Armenian,Holmes Coghlan
158,Mathian,Brittle,mbrittle4d@abc.net.au,564-02-8453,379-378-2169,77a4351a-3298-49c3-927e-aa6ceb8075d7,Tsonga,Mathian Brittle
159,Jeannine,Maruska,jmaruska4e@pagesperso-orange.fr,519-81-4309,717-335-7094,2d07a895-c59e-4b29-bdda-44fec5c139d0,Kashmiri,Jeannine Maruska
160,Aila,Santon,asanton4f@ucla.edu,465-10-6556,569-437-8701,a7bf27dd-8766-49da-a235-9695ec029ef7,Kazakh,Aila Santon
161,Ethelind,Somersett,esomersett4g@state.tx.us,191-52-9196,839-624-9481,4cc4730e-82e4-4a6e-97f6-a0f4b718d05e,Somali,Ethelind Somersett
162,Rhodie,Greaves,rgreaves4h@cnn.com,679-96-8170,546-642-1284,5e3ea6d8-8d17-41bb-b0fc-caba1b83abbf,Khmer,Rhodie Greaves
163,Vitia,Tidbury,vtidbury4i@microsoft.com,273-16-1223,137-358-1429,9922ead4-8868-4993-997f-1aee6de599ac,Japanese,Vitia Tidbury
164,Oralle,Schusterl,oschusterl4j@smugmug.com,772-14-1947,647-297-1343,7fe33f2a-057f-42d5-99eb-e9c4262c23fd,Tajik,Oralle Schusterl
165,Gigi,Power,gpower4k@boston.com,317-38-5904,788-626-0980,d08c0dc2-2386-48e3-bc3d-9f4427c84855,Haitian Creole,Gigi Power
166,Abbie,Donizeau,adonizeau4l@dmoz.org,519-44-5092,713-830-6560,c1a49c3b-a9ee-4b8c-bf28-4750b7ceb3d3,Afrikaans,Abbie Donizeau
167,Hamish,Uden,huden4m@bloglovin.com,173-71-6833,778-168-7763,6a6344de-223e-4e78-b34f-8ec133981ee9,Swedish,Hamish Uden
168,Lamar,Fanstone,lfanstone4n@pinterest.com,414-64-5574,762-323-1564,e0a39fdc-69fb-4d39-8a40-77810b5c49c0,Norwegian,Lamar Fanstone
169,Alva,Booth-Jarvis,aboothjarvis4o@auda.org.au,321-55-0133,988-670-1844,86a23152-a00d-41e4-96d0-92e13622edb2,English,Alva Booth-Jarvis
170,Mirilla,Cicculi,mcicculi4p@clickbank.net,487-42-9519,568-371-3876,c9fb3b78-0641-4d89-903f-b2429128e609,Tswana,Mirilla Cicculi
171,Hasheem,Maude,hmaude4q@barnesandnoble.com,828-66-7418,481-189-0801,ebf69515-a7d1-4c60-aeb3-8825d0c9e144,Dari,Hasheem Maude
172,Abelard,Benettini,abenettini4r@msu.edu,890-03-8170,445-308-9676,d44c7feb-9c25-4020-a976-ef6fcf455902,Tok Pisin,Abelard Benettini
173,Chryste,Oakwell,coakwell4s@last.fm,886-71-4362,122-158-1501,b66335d3-f4f8-423c-996c-99771e8ac3be,Albanian,Chryste Oakwell
174,Dwight,Cupper,dcupper4t@1688.com,817-06-2059,385-939-3174,1eceffbf-ac86-459a-bbf4-d6a4ecf424b4,Assamese,Dwight Cupper
175,Delly,Stienton,dstienton4u@nsw.gov.au,415-09-1754,837-898-1556,aba40599-6ddb-410f-b3ac-2bc8c6eb30a0,Malayalam,Delly Stienton
176,Prudence,Feathersby,pfeathersby4v@tiny.cc,137-74-9972,272-229-3024,51c5576b-0a79-4a67-ae9e-8cd0e82d9147,Romanian,Prudence Feathersby
177,Flss,Blint,fblint4w@ow.ly,292-03-0517,321-896-1977,3dea5206-1db4-4d4e-a1fc-7b516a9d505d,Filipino,Flss Blint
178,Bailey,Marlow,bmarlow4x@nyu.edu,388-94-9529,617-448-3358,7b7684ce-6e89-440f-81cc-0b06579aa34d,Latvian,Bailey Marlow
179,Kassandra,Waterson,kwaterson4y@booking.com,457-60-9401,416-274-3077,33aa0e2f-61b3-4973-b080-6b242bc314a6,Portuguese,Kassandra Waterson
180,Scotti,Birdis,sbirdis4z@unicef.org,201-47-7951,350-441-4007,24f9aeff-02e4-439b-8615-09a5aa0127dc,Catalan,Scotti Birdis
181,Ellen,Rasmus,erasmus50@google.co.jp,553-10-5828,490-211-6254,fc28427c-4d93-486c-ab66-02d8aa95d3af,Malayalam,Ellen Rasmus
182,Sarette,Barthropp,sbarthropp51@joomla.org,802-09-2067,470-596-4171,5f21d3b2-1d38-423f-adc9-93d1168e73c0,Macedonian,Sarette Barthropp
183,Nowell,Bassett,nbassett52@tmall.com,332-15-1984,471-149-6434,b81c0120-4c13-4788-9c7c-231d1d11d883,Northern Sotho,Nowell Bassett
184,Wallache,Klebes,wklebes53@wufoo.com,494-89-4219,984-423-1301,d94e2afe-4b80-4e22-a2c4-bf52408eff7b,Haitian Creole,Wallache Klebes
185,Pippy,Triplow,ptriplow54@hexun.com,366-88-3899,778-836-1282,ea09df45-1a93-47bc-86df-e774e9f73926,Montenegrin,Pippy Triplow
186,Linea,Yantsurev,lyantsurev55@naver.com,537-73-8307,571-663-5979,df136d8e-495e-40be-b29d-7c1b5a88ff20,Dhivehi,Linea Yantsurev
187,Frankie,Kilalea,fkilalea56@soup.io,303-20-2921,419-573-7099,2b70a998-94d7-44ec-91f4-5a5e7d50b6c8,Guaraní,Frankie Kilalea
188,Neil,Gherardi,ngherardi57@upenn.edu,135-50-5002,227-471-6961,e239d109-486c-4409-b2f5-7d82e6dabfa6,Bengali,Neil Gherardi
189,Andre,Ivanusyev,aivanusyev58@gnu.org,601-62-9086,964-389-4093,53f6e845-725d-4f51-97a1-1d9b2cef900d,Norwegian,Andre Ivanusyev
190,Corabel,Scroggie,cscroggie59@tmall.com,488-73-2759,775-731-0434,172e5d76-2c5c-4c41-88e8-560e53d5c035,Macedonian,Corabel Scroggie
191,Eamon,Honeywood,ehoneywood5a@blinklist.com,833-73-1834,277-374-1030,1be647f6-bdc5-4dbf-83ad-3521f625c510,Northern Sotho,Eamon Honeywood
192,Vanni,Atcheson,vatcheson5b@reddit.com,271-57-2764,499-440-5290,e1404c17-7fcb-4ae1-9e8c-be7e403ba37e,Quechua,Vanni Atcheson
193,Gaby,Littler,glittler5c@delicious.com,504-07-8555,726-554-3393,1d631bfa-aeea-4c3c-ab52-3c6a629467f6,Italian,Gaby Littler
194,Yanaton,Reddington,yreddington5d@google.co.uk,680-90-9679,301-446-6253,022beaaf-aee2-4e13-83e8-71b330d79970,Lithuanian,Yanaton Reddington
195,Joe,Brizland,jbrizland5e@toplist.cz,556-99-9466,305-646-0285,1273b6c9-60d7-49c2-93d6-4558ee2b684b,Mongolian,Joe Brizland
196,Charisse,Serot,cserot5f@umich.edu,694-87-9240,738-629-0636,df4921c1-c1d8-4f16-9ef1-7f39e374b929,Guaraní,Charisse Serot
197,Arny,Beedle,abeedle5g@state.gov,578-12-3733,795-358-1715,d08c0dc2-2386-48e3-bc3d-9f4427c84855,Kazakh,Arny Beedle
198,Harriot,Holtham,hholtham5h@imdb.com,297-83-5559,661-620-8963,41e9156a-4c1a-4a64-93c4-ddc5e172adcf,Bulgarian,Harriot Holtham
199,Marketa,Learmonth,mlearmonth5i@eventbrite.com,502-16-2522,156-143-4912,ea567e46-4faf-460f-ac00-4e6cefae5347,Kyrgyz,Marketa Learmonth
200,Reena,Pollicatt,rpollicatt5j@cnbc.com,599-05-5075,846-430-2579,74eb6725-4026-49f9-89d4-e103f16f337b,Punjabi,Reena Pollicatt
201,Maurene,Hullot,mhullot5k@webs.com,249-77-1282,973-113-3239,94c30b61-a045-4823-a6b8-036ccf6ba841,Papiamento,Maurene Hullot
202,Libbi,Poulton,lpoulton5l@friendfeed.com,214-75-9747,879-560-5490,5f876b33-cf5b-4e6b-8cbb-c6ed32f494c3,Nepali,Libbi Poulton
203,Alika,Franklin,afranklin5m@unblog.fr,504-09-9908,727-488-0705,45695873-cd6b-402f-b054-11d7a43bc5e7,Croatian,Alika Franklin
204,Fan,Riddlesden,friddlesden5n@loc.gov,337-12-0838,954-823-7450,dd814bd5-f6cf-4760-b855-d4c567f1e93e,Greek,Fan Riddlesden
205,Briggs,Bernat,bbernat5o@amazon.co.jp,177-74-5822,298-625-4805,aaaefe26-7966-4c64-8139-509f36fa3488,Georgian,Briggs Bernat
206,Ann,Thurlbourne,athurlbourne5p@list-manage.com,504-77-2328,567-195-4080,af4bb0d3-3f80-4141-8c6b-b667f7456869,Croatian,Ann Thurlbourne
207,Alick,Strawbridge,astrawbridge5q@sciencedirect.com,582-62-9535,758-415-1124,be4a42b8-f3f0-4ce0-b291-5559963646f6,Georgian,Alick Strawbridge
208,Eleni,Fortnam,efortnam5r@cargocollective.com,812-52-9590,503-385-2833,c042aa68-f331-4474-be5b-3b7732a7520d,Zulu,Eleni Fortnam
209,Emilio,Ruler,eruler5s@diigo.com,227-82-3025,868-821-7174,217ec836-ee1b-4372-96c7-6548ba55a15f,Azeri,Emilio Ruler
210,Tirrell,Squires,tsquires5t@jalbum.net,434-25-4107,544-784-4601,ab59c630-2b5a-43b3-958a-f9287b32e0c8,Catalan,Tirrell Squires
211,Gram,Edwardson,gedwardson5u@icq.com,219-38-7878,213-118-5612,32086679-2ca7-44a7-9918-ffe081ce2b31,Marathi,Gram Edwardson
212,Oswell,Ricks,oricks5v@geocities.jp,808-04-4637,660-177-2142,a1f4c4dd-696e-4736-b835-79a3660dab19,Japanese,Oswell Ricks
213,Alberta,Mosby,amosby5w@businessweek.com,779-94-3070,984-133-8944,a0a8dad9-6965-4c6e-ad9c-34b8febd262c,Finnish,Alberta Mosby
214,Idell,Windham,iwindham5x@rakuten.co.jp,856-22-2433,842-748-7663,8bd16766-e338-4bb8-8e69-499b6ab4d074,Tsonga,Idell Windham
215,Carr,Beaze,cbeaze5y@princeton.edu,534-98-2540,806-959-3436,6a6344de-223e-4e78-b34f-8ec133981ee9,Armenian,Carr Beaze
216,Di,Grigorian,dgrigorian5z@google.com,551-86-7611,987-836-7770,bd3d1cb2-c328-4607-89e9-07b464bd191b,Armenian,Di Grigorian
217,Jamaal,Grandham,jgrandham60@apple.com,768-28-7511,205-651-9204,71bf748b-efd5-4ff2-af0c-c82c1d9b7b7c,Malayalam,Jamaal Grandham
218,Willy,Spurret,wspurret61@blogspot.com,429-11-3607,126-367-8615,366b3687-fced-4e00-bfec-657547d8d2bb,Lao,Willy Spurret
219,Eal,Garrelts,egarrelts62@ask.com,170-35-3004,257-708-6893,76324e9a-edac-4a63-b958-02b0b1feff3b,Bislama,Eal Garrelts
220,Sloane,Wretham,swretham63@dedecms.com,580-55-7234,694-747-2630,e7be6a85-aec8-426d-9309-71e28ca646e7,Malay,Sloane Wretham
221,Wes,Shaefer,wshaefer64@amazonaws.com,686-27-8566,482-732-8839,7fe33f2a-057f-42d5-99eb-e9c4262c23fd,Gujarati,Wes Shaefer
222,Prescott,Thirwell,pthirwell65@vinaora.com,809-20-6439,554-231-4743,8bd16766-e338-4bb8-8e69-499b6ab4d074,Gagauz,Prescott Thirwell
223,Cyril,Ogers,cogers66@spiegel.de,378-04-2320,339-929-2709,7fbe0658-3ff5-418e-a809-fcc5060f0703,Hebrew,Cyril Ogers
224,Alyda,Rabat,arabat67@yahoo.co.jp,306-65-4849,428-957-5426,66e86660-905e-4fb5-920b-1e3ecefa943b,Romanian,Alyda Rabat
225,Ethe,Lecordier,elecordier68@diigo.com,648-46-6576,449-287-4597,d231b029-9049-4f48-986e-af68a649f95c,Albanian,Ethe Lecordier
226,Sapphira,Kaygill,skaygill69@dedecms.com,190-04-9055,659-916-7416,2c74c468-7f0e-4bc6-a027-6c430390b718,Khmer,Sapphira Kaygill
227,Rudolfo,Glandfield,rglandfield6a@pen.io,272-56-6958,583-890-9893,a22890c0-db71-40fa-951d-dbc7c79162f4,Tok Pisin,Rudolfo Glandfield
228,Noll,Meachen,nmeachen6b@narod.ru,169-43-9852,319-951-0482,4392f3ea-c7f7-4e7a-86ec-1fb9d223ae78,Kurdish,Noll Meachen
229,Gardener,Puxley,gpuxley6c@delicious.com,760-24-2106,270-424-9818,e9f4b0f8-0a77-462b-b17a-8616b9d3326f,Portuguese,Gardener Puxley
230,Briny,Matteuzzi,bmatteuzzi6d@ca.gov,410-94-1524,334-525-3855,85485b2b-cbb5-4f20-9fec-a840bb754e38,Icelandic,Briny Matteuzzi
231,Wells,Sebyer,wsebyer6e@cdbaby.com,543-63-4269,727-981-5470,eb92e18f-491e-47ce-b3b8-6f30f524e228,Tetum,Wells Sebyer
232,Kenn,Horley,khorley6f@php.net,332-01-2597,119-630-2381,8c9a0d07-ac84-4adb-a2c5-cc11878c93e7,Malagasy,Kenn Horley
233,Spike,Gately,sgately6g@examiner.com,138-92-6022,295-609-1079,df136d8e-495e-40be-b29d-7c1b5a88ff20,Tswana,Spike Gately
234,Kyla,Stoddard,kstoddard6h@uol.com.br,536-65-6608,615-463-5660,6c497a5e-fe21-4c76-99cc-8b647f1e2e76,Romanian,Kyla Stoddard
235,Gris,Schermick,gschermick6i@webmd.com,420-74-3443,423-274-8680,c042aa68-f331-4474-be5b-3b7732a7520d,Aymara,Gris Schermick
236,Findley,Brodeau,fbrodeau6j@exblog.jp,351-79-3468,736-454-7280,bf966831-754b-42d3-941a-46f1e0db768f,Polish,Findley Brodeau
237,Cari,Sorey,csorey6k@chronoengine.com,591-10-9778,719-513-9132,2207b1f1-481b-48c2-a26f-08cf9e8022c0,Kyrgyz,Cari Sorey
238,Ingram,Tice,itice6l@biglobe.ne.jp,758-14-1381,626-414-7646,731fc5a7-e2b1-4c11-90fd-f4e71c2e46e6,Tok Pisin,Ingram Tice
239,Colly,Gammett,cgammett6m@wikimedia.org,871-86-7215,114-929-9228,3232e0db-832f-4db2-9f26-287036ac649e,Czech,Colly Gammett
240,Hyacinth,Bresson,hbresson6n@netvibes.com,573-92-7351,112-964-2978,6059aee0-ba0c-4dc3-9955-ea28c3a67c20,Kyrgyz,Hyacinth Bresson
241,Rania,Hamp,rhamp6o@mediafire.com,326-07-3552,711-183-1293,d069c846-dd6c-4fdc-8fad-aa8fecf9a08a,Tsonga,Rania Hamp
242,Marysa,Jados,mjados6p@csmonitor.com,613-05-3833,569-421-5542,d44c7feb-9c25-4020-a976-ef6fcf455902,Kurdish,Marysa Jados
243,Celestia,Egel,cegel6q@yellowbook.com,402-22-9940,132-913-7552,53f6e845-725d-4f51-97a1-1d9b2cef900d,Persian,Celestia Egel
244,Darnall,Wansbury,dwansbury6r@purevolume.com,489-01-8249,939-376-0913,794405bc-8f5b-4dd6-bcc8-bd57ebc81c5f,Amharic,Darnall Wansbury
245,Cass,Prangnell,cprangnell6s@g.co,173-88-1113,945-291-2542,275e8562-7f29-4ebf-a80a-21ffb69b052a,Lithuanian,Cass Prangnell
246,Drusy,Zammett,dzammett6t@dailymail.co.uk,579-12-7931,412-390-3673,c5556711-2f1f-49d3-8b02-c04886712f71,Norwegian,Drusy Zammett
247,Lora,Jordine,ljordine6u@xinhuanet.com,857-94-8829,147-404-2290,3c983dc0-055c-4767-a6b6-566839b236da,Dhivehi,Lora Jordine
248,Ellyn,Penreth,epenreth6v@jigsy.com,539-66-8781,405-825-1992,e5a4d12e-cbc7-4388-a479-bb936542288a,Kashmiri,Ellyn Penreth
249,Megen,Shave,mshave6w@stumbleupon.com,177-68-8274,424-728-5980,cdfe6995-09d3-4c34-a05e-c5312e56ad99,Icelandic,Megen Shave
250,Abbott,Berr,aberr6x@studiopress.com,128-14-1011,969-800-8974,4da41c57-fac7-4bf8-b528-f24eeb8b3f9d,Tajik,Abbott Berr
251,Guenevere,Putland,gputland6y@g.co,221-04-1570,865-788-0863,c747ee1d-55fe-4374-a234-f6368a1293ae,Lithuanian,Guenevere Putland
252,Thomasa,Rigmond,trigmond6z@blog.com,166-71-7055,987-380-1495,12713adf-c8ab-4705-94fb-5fae335397ba,Fijian,Thomasa Rigmond
253,Naomi,Elvish,nelvish70@fastcompany.com,723-65-1257,487-332-8079,53a66bc5-8304-4004-b6bb-182691bc405d,Persian,Naomi Elvish
254,Michail,Herion,mherion71@bigcartel.com,422-34-4630,500-750-5226,491eebe5-b0e8-4fd0-b3a4-51d7bbcd3fa2,Bislama,Michail Herion
255,Nial,Vlasenkov,nvlasenkov72@cisco.com,199-03-2562,957-757-2473,e9f4b0f8-0a77-462b-b17a-8616b9d3326f,Hebrew,Nial Vlasenkov
256,Selia,Rushman,srushman73@sitemeter.com,107-31-0532,928-747-4299,a58b87b5-52b0-447e-92d7-4718c596a09d,Luxembourgish,Selia Rushman
257,Tova,Ainsworth,tainsworth74@amazon.co.uk,879-62-1933,513-363-6849,c804b815-a591-4862-8305-b78738999abd,Chinese,Tova Ainsworth
258,Berkley,Pruvost,bpruvost75@goo.gl,511-79-4648,976-753-1451,b7800b72-0026-4785-b2c8-f3cc764b5a19,Northern Sotho,Berkley Pruvost
259,Nadia,Kelston,nkelston76@economist.com,858-75-3917,396-526-4537,004fb9c8-496a-45d7-8bee-1dff3175d82e,Malay,Nadia Kelston
260,Annice,Gardener,agardener77@xinhuanet.com,812-90-9607,746-369-2471,3294ff07-8a79-4636-86ac-915972e9d046,Dari,Annice Gardener
261,Harriot,Digger,hdigger78@homestead.com,101-40-9483,922-689-0549,56a3a5bd-c49b-49ec-a401-3deece39c7d3,Zulu,Harriot Digger
262,Stanley,Novic,snovic79@newsvine.com,381-38-5488,528-256-9387,bd3d1cb2-c328-4607-89e9-07b464bd191b,West Frisian,Stanley Novic
263,Perkin,Busson,pbusson7a@yolasite.com,467-32-2826,368-682-4441,3aac58a6-218b-4458-9ee8-2176126aa85a,Finnish,Perkin Busson
264,Purcell,Gawthrope,pgawthrope7b@guardian.co.uk,636-65-8085,593-522-8007,4cc4730e-82e4-4a6e-97f6-a0f4b718d05e,Bislama,Purcell Gawthrope
265,Leroy,Cleef,lcleef7c@icio.us,183-16-1539,715-184-1316,1e08b3bf-9fb8-427e-a749-d52d245f4b9a,Kazakh,Leroy Cleef
266,Alard,Martinovic,amartinovic7d@sciencedaily.com,263-98-2696,424-126-7853,491eebe5-b0e8-4fd0-b3a4-51d7bbcd3fa2,Gagauz,Alard Martinovic
267,Con,Lebbern,clebbern7e@goo.ne.jp,100-58-0054,799-909-5147,7b7684ce-6e89-440f-81cc-0b06579aa34d,Macedonian,Con Lebbern
268,Pauly,Ottosen,pottosen7f@1und1.de,726-74-7113,579-527-7734,df4921c1-c1d8-4f16-9ef1-7f39e374b929,Czech,Pauly Ottosen
269,Arlan,Swenson,aswenson7g@biblegateway.com,689-03-0214,622-529-5648,8b08f626-5fd4-49bb-8934-831baf85bfca,Moldovan,Arlan Swenson
270,Efrem,Simonou,esimonou7h@gravatar.com,692-28-9011,540-249-7092,5dd96982-b593-4d0d-9441-0a88d600545d,Bengali,Efrem Simonou
271,Russell,Chopy,rchopy7i@house.gov,694-25-3364,708-542-9825,1b59cc02-ab4b-4258-80da-d00fe70bb97c,Northern Sotho,Russell Chopy
272,Tristan,Broomfield,tbroomfield7j@sciencedaily.com,586-01-5130,126-337-8667,03e524ed-56d5-49f7-a5d5-109d20868446,Malay,Tristan Broomfield
273,Sonnnie,Shakelady,sshakelady7k@walmart.com,615-89-9615,500-603-1972,ffc4b6c4-b135-42cb-a15d-ea32f48a5e5e,Tsonga,Sonnnie Shakelady
274,Benny,Jerrand,bjerrand7l@github.io,129-18-0959,921-538-6118,78b840de-42c1-4847-bdb6-4386463dde4e,Dzongkha,Benny Jerrand
275,Luis,Tourmell,ltourmell7m@about.me,220-57-6165,109-493-5179,d44c7feb-9c25-4020-a976-ef6fcf455902,Ndebele,Luis Tourmell
276,Butch,Jollands,bjollands7n@clickbank.net,502-58-0058,311-990-0922,477ef177-2142-437d-98e7-429b35e8244c,Kurdish,Butch Jollands
277,Odele,Corrado,ocorrado7o@goo.gl,519-91-5482,529-265-7497,38ebf5d7-a894-4288-9835-844feabad317,Dhivehi,Odele Corrado
278,Dyna,Tolley,dtolley7p@free.fr,529-41-5232,859-479-5884,e4056480-1157-457a-99ca-fbdd560412f1,Malayalam,Dyna Tolley
279,Grange,Callery,gcallery7q@arizona.edu,398-85-8955,895-962-1631,1be647f6-bdc5-4dbf-83ad-3521f625c510,Gagauz,Grange Callery
280,Tommi,Loseby,tloseby7r@wix.com,247-92-7221,385-900-9779,c804b815-a591-4862-8305-b78738999abd,Telugu,Tommi Loseby
281,Sibbie,McIlriach,smcilriach7s@wunderground.com,369-06-5205,170-532-3411,1eceffbf-ac86-459a-bbf4-d6a4ecf424b4,Filipino,Sibbie McIlriach
282,Francis,Haining,fhaining7t@sohu.com,592-02-3309,200-515-9913,bd98017d-989d-43d2-a8f6-46aa0a43e8e2,Korean,Francis Haining
283,Jeannie,Heritege,jheritege7u@netscape.com,890-93-2714,917-846-3435,e8144c29-a317-4b70-ab2b-84ddc384c2e5,Arabic,Jeannie Heritege
284,Erie,Curwood,ecurwood7v@bandcamp.com,398-65-3513,225-871-0176,f0ddfef3-d4a1-4727-bf15-d0895f81c73a,Dutch,Erie Curwood
285,Fransisco,Minard,fminard7w@hp.com,726-31-4690,998-575-9487,6f2ade49-bfb4-402d-8d8f-af8f4dee7831,Papiamento,Fransisco Minard
286,Carola,Boldra,cboldra7x@edublogs.org,186-65-2444,123-677-6141,9ddd876c-ca79-405f-8337-cd9c2401290e,Quechua,Carola Boldra
287,Allin,Arends,aarends7y@nytimes.com,857-76-0351,669-152-9075,0e342b31-6573-47c4-8512-4d7bc9510c83,Amharic,Allin Arends
288,Maggy,Ritchard,mritchard7z@digg.com,144-37-0827,194-816-5898,b775603f-0535-468e-881d-0c2bedb46853,Lao,Maggy Ritchard
289,Sterne,Metzel,smetzel80@va.gov,821-48-1859,569-625-4849,e65808f0-71e7-49f0-8722-a266a7f70051,Hiri Motu,Sterne Metzel
290,Hedvig,Casely,hcasely81@deviantart.com,341-87-0782,861-318-9355,9ddd876c-ca79-405f-8337-cd9c2401290e,Georgian,Hedvig Casely
291,Erskine,Jedrzejczak,ejedrzejczak82@github.io,436-26-3393,882-916-2584,ef1cd9e5-2340-4e9a-adeb-37e85ab6232b,Croatian,Erskine Jedrzejczak
292,Cassaundra,Benediktsson,cbenediktsson83@gnu.org,312-98-2462,432-455-3852,66e86660-905e-4fb5-920b-1e3ecefa943b,Kazakh,Cassaundra Benediktsson
293,Hagen,Seton,hseton84@ycombinator.com,484-85-0055,505-711-4709,3aca390e-a1ca-45ab-8497-ff70b03b8b4d,Kannada,Hagen Seton
294,Reade,Guinnane,rguinnane85@cnet.com,260-86-6319,750-935-4531,847ee39a-be4a-4718-8681-00d8a5cbc1ea,Swedish,Reade Guinnane
295,Meir,Guard,mguard86@simplemachines.org,292-92-4526,155-747-2404,51577f21-451d-461f-9d98-f717f7f5682d,Somali,Meir Guard
296,Myrna,Scarbarrow,mscarbarrow87@tripadvisor.com,584-32-3162,324-145-0907,3aa50014-816f-49d9-a74f-0c067f0e1b55,Azeri,Myrna Scarbarrow
297,Judie,Blencoe,jblencoe88@google.fr,157-23-7444,917-882-2953,227a2138-278d-4628-a0a0-f216aab055f7,Spanish,Judie Blencoe
298,Pammie,Litton,plitton89@bizjournals.com,209-55-9609,228-371-4905,4bb03293-8ecb-4647-bf7c-84eaabe54d1b,Assamese,Pammie Litton
299,Jonis,Canland,jcanland8a@irs.gov,553-09-8988,565-557-7501,12713adf-c8ab-4705-94fb-5fae335397ba,Polish,Jonis Canland
300,Peirce,Bygott,pbygott8b@rakuten.co.jp,773-67-1795,280-391-2301,926396f4-60e3-4a6f-9dad-f214daf59e5c,Italian,Peirce Bygott
301,Gorden,Dullingham,gdullingham8c@csmonitor.com,339-01-0985,270-677-3593,bfaecf0f-eddc-47d6-be32-64a06cf3e73c,Bulgarian,Gorden Dullingham
302,Cesar,Harley,charley8d@canalblog.com,168-04-8990,721-692-4542,79692d99-74e7-4a70-b252-237051a81c6f,Bulgarian,Cesar Harley
303,Rosa,Brunnstein,rbrunnstein8e@cornell.edu,204-75-8548,327-991-9715,c1955119-a342-4757-995d-fdba756a4d0c,Swahili,Rosa Brunnstein
304,Ariadne,Lambirth,alambirth8f@photobucket.com,633-20-6913,700-479-6937,db7c774e-e900-401a-86f7-767520f13a20,Burmese,Ariadne Lambirth
305,Perice,Dei,pdei8g@timesonline.co.uk,813-68-5645,408-132-5016,4d9b0ffa-0fad-4b72-b816-3090621456d8,Spanish,Perice Dei
306,Rosa,Pactat,rpactat8h@feedburner.com,603-80-6725,318-569-7792,aba40599-6ddb-410f-b3ac-2bc8c6eb30a0,Tamil,Rosa Pactat
307,Kirbee,McCathy,kmccathy8i@microsoft.com,485-98-3787,744-794-5492,bc97bf3d-fad0-4975-b6da-c2534696cdbd,Maltese,Kirbee McCathy
308,Rolland,Oxenham,roxenham8j@intel.com,818-78-1184,251-499-0659,9c5f3749-7c00-4477-8559-52e5bf8f2561,Northern Sotho,Rolland Oxenham
309,Ervin,Crouse,ecrouse8k@com.com,231-49-4648,796-441-0256,10ca9bc0-3d61-476b-9ce6-466e07b802f2,Ndebele,Ervin Crouse
310,Chuck,Molden,cmolden8l@webmd.com,513-89-1893,615-328-8978,802e798d-7966-4ecf-9920-82413b630134,Romanian,Chuck Molden
311,Ame,Lamar,alamar8m@theguardian.com,456-33-9008,865-478-1717,c747ee1d-55fe-4374-a234-f6368a1293ae,Tsonga,Ame Lamar
312,Pasquale,Dash,pdash8n@businesswire.com,372-93-0156,411-596-6445,e14254e5-04fe-421d-9684-0896dba4a1c8,Irish Gaelic,Pasquale Dash
313,Ilyse,Critchley,icritchley8o@soundcloud.com,278-24-9808,878-577-4439,41e9156a-4c1a-4a64-93c4-ddc5e172adcf,Luxembourgish,Ilyse Critchley
314,Emilia,Daltry,edaltry8p@acquirethisname.com,430-85-8345,678-385-4200,db7c1239-6f73-47d3-a5af-db9c6e37d73e,Assamese,Emilia Daltry
315,Johnathon,Matterson,jmatterson8q@time.com,769-97-9848,592-959-3759,ef6eba8b-c78f-4671-a7c7-2f8443799d8c,West Frisian,Johnathon Matterson
316,Percival,Gaucher,pgaucher8r@sogou.com,284-27-0645,423-497-1410,b7800b72-0026-4785-b2c8-f3cc764b5a19,Somali,Percival Gaucher
317,Sigrid,Manderson,smanderson8s@epa.gov,651-72-9282,283-106-5656,bf4e9778-d467-48ca-9812-7335ae146b51,Nepali,Sigrid Manderson
318,Colly,Benedikt,cbenedikt8t@amazon.com,640-47-6256,130-298-6966,575e5f25-fde3-4982-a41c-177382b09a44,Marathi,Colly Benedikt
319,Jareb,Lucas,jlucas8u@usa.gov,575-74-7140,403-435-2460,ea567e46-4faf-460f-ac00-4e6cefae5347,Kazakh,Jareb Lucas
320,Cort,Darlington,cdarlington8v@mit.edu,879-12-7698,916-201-3533,e1404c17-7fcb-4ae1-9e8c-be7e403ba37e,Danish,Cort Darlington
321,Nadeen,Dowsey,ndowsey8w@java.com,542-57-1523,538-172-5136,c6dbb58c-1f66-4177-9d89-37e700f35d1d,Kannada,Nadeen Dowsey
322,Harley,Durant,hdurant8x@virginia.edu,377-25-8957,854-365-9478,38ebf5d7-a894-4288-9835-844feabad317,Filipino,Harley Durant
323,Hillary,Callway,hcallway8y@ucoz.com,450-60-8122,917-991-6268,59968750-edd4-4272-9722-f5580c37a7f7,Norwegian,Hillary Callway
324,Rayna,Schubert,rschubert8z@businessinsider.com,286-44-5741,336-304-9514,ce6b36f6-2c3d-4e20-9483-96f5949a6f45,Papiamento,Rayna Schubert
325,Dallon,Hansill,dhansill90@cocolog-nifty.com,302-93-4535,566-467-8525,3eaf8f56-2dee-456e-a086-50368db2e832,Maltese,Dallon Hansill
326,Esteban,Darwent,edarwent91@goo.gl,104-27-5236,783-899-1742,6355c2ce-38b9-427e-b795-af7ceab6064d,Papiamento,Esteban Darwent
327,Welch,Bysshe,wbysshe92@ca.gov,807-78-7396,589-602-6657,0b65bb13-a4c3-4993-a8e8-19b772c26894,Malayalam,Welch Bysshe
328,Tierney,Bossons,tbossons93@so-net.ne.jp,699-78-1775,566-654-3554,deee7fb5-5fd1-4a8c-88ae-f69d8393f57b,Gagauz,Tierney Bossons
329,Peter,O'Loinn,poloinn94@artisteer.com,529-66-5342,438-127-7010,9ddd876c-ca79-405f-8337-cd9c2401290e,Armenian,Peter O'Loinn
330,Kitti,Delia,kdelia95@scientificamerican.com,347-89-8430,340-622-8683,477ef177-2142-437d-98e7-429b35e8244c,Quechua,Kitti Delia
331,Eduard,Van Daalen,evan96@timesonline.co.uk,633-73-8439,463-583-8088,53a66bc5-8304-4004-b6bb-182691bc405d,Lithuanian,Eduard Van Daalen
332,Annadiana,Tranter,atranter97@sina.com.cn,459-33-9914,940-702-7076,0e5423bf-745e-4fd8-9f4d-f66fd7f5d6d0,Polish,Annadiana Tranter
333,Babb,Delooze,bdelooze98@disqus.com,170-77-0297,498-939-7218,36ea1ea0-f321-49cb-b512-f5ab9e670931,Northern Sotho,Babb Delooze
334,Eda,Nursey,enursey99@ask.com,563-54-7541,311-507-1902,cd928d14-fdfe-4541-804c-ee93fbecdd5c,Norwegian,Eda Nursey
335,Kinnie,Bain,kbain9a@php.net,205-26-8778,533-833-5707,74cedfce-a464-483d-8e55-29de3b378ea9,Yiddish,Kinnie Bain
336,Siana,Critchell,scritchell9b@blog.com,271-32-2961,132-850-5312,4689a64d-3f7a-4152-a243-d712320a098e,Italian,Siana Critchell
337,Ilene,Langham,ilangham9c@simplemachines.org,626-18-8014,395-658-3367,21faba4c-502a-4145-a3c4-d4151d66eb7e,Korean,Ilene Langham
338,Sonny,Edelheid,sedelheid9d@vistaprint.com,506-30-2587,971-999-9898,b7355276-b6c4-4d66-87f6-48dd543634f5,Malayalam,Sonny Edelheid
339,Gennifer,Emson,gemson9e@biglobe.ne.jp,313-71-5604,592-395-0938,bd98017d-989d-43d2-a8f6-46aa0a43e8e2,Pashto,Gennifer Emson
340,Sargent,Antonich,santonich9f@fema.gov,611-27-6357,921-972-9987,c502a721-e8c3-4d30-bea1-6bb93fe65a81,Swati,Sargent Antonich
341,Madelin,Rising,mrising9g@utexas.edu,115-04-3258,366-856-6468,316d9ddf-c2b5-4a90-9ea1-705d2e3df217,Zulu,Madelin Rising
342,Jaquelin,Ternouth,jternouth9h@nba.com,162-53-5010,309-877-7984,bf966831-754b-42d3-941a-46f1e0db768f,Georgian,Jaquelin Ternouth
343,Celine,Bastiman,cbastiman9i@indiatimes.com,696-19-1949,340-465-7641,bc40d930-2b80-439c-b98e-8d7f00a57789,German,Celine Bastiman
344,Bethina,Fullbrook,bfullbrook9j@state.gov,590-58-3598,656-682-2845,533924ef-084a-4859-9e46-4dd800810ec7,Lithuanian,Bethina Fullbrook
345,Gustav,Giovanizio,ggiovanizio9k@altervista.org,501-24-7754,201-885-9407,e842f7ae-4e84-49b1-a56f-42abed7498c6,Korean,Gustav Giovanizio
346,Maurise,Wittrington,mwittrington9l@xing.com,210-71-1932,191-191-4379,491eebe5-b0e8-4fd0-b3a4-51d7bbcd3fa2,Northern Sotho,Maurise Wittrington
347,Thornton,Kirke,tkirke9m@skype.com,637-23-7599,803-215-0406,381069b5-28b3-4e24-b165-21418fbc3685,Swati,Thornton Kirke
348,Karry,Escot,kescot9n@ted.com,236-63-2390,958-701-0378,a7a6306b-94d5-46cd-b057-0cf58e7a1caa,Kannada,Karry Escot
349,Charlena,Simonel,csimonel9o@cisco.com,504-11-3826,727-947-3419,b775603f-0535-468e-881d-0c2bedb46853,Malayalam,Charlena Simonel
350,Junie,Krahl,jkrahl9p@moonfruit.com,254-69-4138,156-619-6870,1ba1026e-e141-47d5-bd0b-3c650126025a,Nepali,Junie Krahl
351,Flem,Baradel,fbaradel9q@acquirethisname.com,577-37-7732,754-675-6740,6b89c2b6-5745-4de9-aae3-22567908f087,Italian,Flem Baradel
352,Eadith,Borlease,eborlease9r@amazonaws.com,491-76-1873,430-688-0441,eb92e18f-491e-47ce-b3b8-6f30f524e228,Dzongkha,Eadith Borlease
353,Pammi,Butts,pbutts9s@rakuten.co.jp,101-51-0818,909-191-0365,59d8f174-f5ce-4f5c-9cec-95a4f41f0af9,Gagauz,Pammi Butts
354,Dirk,Barten,dbarten9t@reuters.com,848-10-1237,801-244-0612,52bc8440-354a-4da9-81a7-b70a24b417aa,Tajik,Dirk Barten
355,Baxy,Bakster,bbakster9u@squidoo.com,100-18-2254,828-469-2508,1d631bfa-aeea-4c3c-ab52-3c6a629467f6,Dzongkha,Baxy Bakster
356,Kiah,Dregan,kdregan9v@360.cn,496-13-0586,246-780-4214,94549558-745c-4232-9df4-d32b70ea2531,Chinese,Kiah Dregan
357,Hermina,Heed,hheed9w@purevolume.com,841-76-2533,979-244-8911,f1fe05c9-6d80-4042-bc72-86f6f2e74d75,Amharic,Hermina Heed
358,Magnum,Hedworth,mhedworth9x@i2i.jp,167-04-9597,142-352-6396,fc47c1c4-1581-45f2-9e2a-b29bf73ad1bb,Pashto,Magnum Hedworth
359,Angel,Shorton,ashorton9y@yellowbook.com,656-53-2161,256-610-9036,b43ae897-a636-482b-8e25-b9639e716925,Kashmiri,Angel Shorton
360,Magdaia,Stroton,mstroton9z@uol.com.br,776-45-5549,367-305-9764,1b8b666d-1930-4757-a125-ce665fe3c239,Malagasy,Magdaia Stroton
361,Lorettalorna,Treadgold,ltreadgolda0@virginia.edu,131-28-2392,516-592-2801,30990712-2fd0-4119-920e-11c6a809d5a5,Danish,Lorettalorna Treadgold
362,Bartholomew,Feehely,bfeehelya1@uiuc.edu,378-09-3940,502-671-4801,f99e03bc-af67-425b-952d-909c172c92c0,French,Bartholomew Feehely
363,Andrey,Warboy,awarboya2@telegraph.co.uk,493-09-6360,308-334-5384,ea1ed742-187e-4493-8b5e-67b9325e4e7b,Chinese,Andrey Warboy
364,Nollie,Ruseworth,nrusewortha3@archive.org,886-93-9520,246-628-9823,2f4c924f-9322-45b2-b4b5-1b010b74d203,Latvian,Nollie Ruseworth
365,Barbe,Karlowicz,bkarlowicza4@mac.com,326-57-5986,388-653-7105,3294ff07-8a79-4636-86ac-915972e9d046,Hungarian,Barbe Karlowicz
366,Nikolai,Bloggett,nbloggetta5@histats.com,793-14-4307,314-114-2991,1e30927d-8755-498f-88a3-639084a885dd,Tajik,Nikolai Bloggett
367,Merrick,Grebbin,mgrebbina6@netvibes.com,729-10-0395,592-294-4783,a22890c0-db71-40fa-951d-dbc7c79162f4,Bislama,Merrick Grebbin
368,Otho,Edgworth,oedgwortha7@g.co,270-83-9877,861-915-2346,ac06292e-6fb9-4805-b412-a07690c76f39,Nepali,Otho Edgworth
369,Antony,Callear,acalleara8@liveinternet.ru,603-45-7789,523-211-3968,26798c71-5938-47e2-9f37-8c46927b665d,Korean,Antony Callear
370,Lorrayne,Poppy,lpoppya9@mapy.cz,808-49-0793,558-671-7060,2bc4022f-edd7-43c9-923c-5ae63cd4ce26,French,Lorrayne Poppy
371,Eal,Ovendale,eovendaleaa@msu.edu,175-95-8767,478-440-0846,794405bc-8f5b-4dd6-bcc8-bd57ebc81c5f,Swati,Eal Ovendale
372,Klement,Partlett,kpartlettab@usatoday.com,663-79-7078,440-240-7201,bb173663-c5b2-4f41-9b3b-efc9f030572e,Moldovan,Klement Partlett
373,Darelle,Ysson,dyssonac@bbb.org,477-30-4453,174-231-0984,ac481d15-113c-4571-9f53-cc505535e69a,Hungarian,Darelle Ysson
374,Marshal,Siege,msiegead@cargocollective.com,478-19-2117,357-798-2717,00bf7a51-afe2-411d-85f6-3d66f81defad,Oriya,Marshal Siege
375,Barb,Antonietti,bantoniettiae@techcrunch.com,458-84-4758,671-686-9425,ae0f29f5-4516-409a-acc0-6463f19d08e1,Icelandic,Barb Antonietti
376,Kim,Mitie,kmitieaf@ezinearticles.com,112-05-8875,713-337-4994,2a45c805-5f01-4326-a476-061b0fb57f60,Georgian,Kim Mitie
377,Dianemarie,O'Carrol,docarrolag@cocolog-nifty.com,526-96-7728,285-346-9520,6c497a5e-fe21-4c76-99cc-8b647f1e2e76,Telugu,Dianemarie O'Carrol
378,Alexine,Escudier,aescudierah@163.com,690-13-0925,336-635-7467,a024f1e7-962d-4077-97cd-f18f646a608c,Malayalam,Alexine Escudier
379,Abbi,Prester,apresterai@twitter.com,751-64-2680,769-752-3757,e65808f0-71e7-49f0-8722-a266a7f70051,Tok Pisin,Abbi Prester
380,Correy,Casiroli,ccasiroliaj@reddit.com,368-14-2608,463-518-3082,3773f6c4-dc20-4a5a-b4c9-e3da68c70b98,Bengali,Correy Casiroli
381,Chrisse,Mickleburgh,cmickleburghak@unesco.org,689-22-3717,522-911-5610,34f94e4e-895f-436e-aaca-777ffaace866,English,Chrisse Mickleburgh
382,Aluin,Lidstone,alidstoneal@dropbox.com,835-47-9504,774-472-9524,c2daacbe-3388-4e40-95e2-2f10d09f5c45,Finnish,Aluin Lidstone
383,Avivah,Pinckard,apinckardam@bluehost.com,546-05-5911,556-936-5265,59d8f174-f5ce-4f5c-9cec-95a4f41f0af9,Belarusian,Avivah Pinckard
384,Gilda,Churchard,gchurchardan@yahoo.co.jp,470-97-8835,430-759-8006,835a6539-9968-485d-a4a4-f09b50dcbc33,Gagauz,Gilda Churchard
385,Davie,Stiles,dstilesao@parallels.com,845-77-4392,184-879-3012,6bf6d31f-6697-40b2-8c37-7db2dd0cd0c3,Papiamento,Davie Stiles
386,Marta,Melbert,mmelbertap@odnoklassniki.ru,353-11-3765,402-145-9169,e239d109-486c-4409-b2f5-7d82e6dabfa6,Catalan,Marta Melbert
387,Shandra,Perello,sperelloaq@seesaa.net,837-37-7834,910-629-5647,c6e5336c-1f04-4e97-ae58-3c96e641abba,Swedish,Shandra Perello
388,Todd,Tregien,ttregienar@amazon.com,603-06-1004,409-917-0518,9344626f-d7c8-4401-ad7f-d6c8cf8b2328,Albanian,Todd Tregien
389,Fremont,Goskar,fgoskaras@patch.com,688-90-9316,146-195-4118,33e26baa-84e2-4118-8f27-0cad804b6612,Telugu,Fremont Goskar
390,Lev,Moscone,lmosconeat@live.com,311-29-8762,440-398-1248,df4921c1-c1d8-4f16-9ef1-7f39e374b929,Bulgarian,Lev Moscone
391,Nola,Fowkes,nfowkesau@tumblr.com,779-46-5270,359-128-6437,ef1cd9e5-2340-4e9a-adeb-37e85ab6232b,West Frisian,Nola Fowkes
392,Melina,Grafom,mgrafomav@huffingtonpost.com,125-89-9967,304-536-8924,4689a64d-3f7a-4152-a243-d712320a098e,Bislama,Melina Grafom
393,Lara,McKechnie,lmckechnieaw@umn.edu,628-55-8658,381-614-0473,9b11a0f9-b700-4a25-83f7-1862a77eff36,Māori,Lara McKechnie
394,Mayne,Capener,mcapenerax@barnesandnoble.com,269-19-3847,575-159-5686,31d7b37d-e877-4dfc-9fc2-84afa17b4df2,Korean,Mayne Capener
395,Hadrian,Whitmell,hwhitmellay@digg.com,133-41-0330,926-296-8657,c75fb842-03f2-4332-b439-eeb86b54ab7e,Tajik,Hadrian Whitmell
396,Wendy,Petry,wpetryaz@foxnews.com,716-55-7552,543-482-9821,d21d5220-7225-4f06-98cc-e24e54caaea4,Amharic,Wendy Petry
397,Blisse,Broe,bbroeb0@bizjournals.com,260-88-0253,127-475-2191,c042aa68-f331-4474-be5b-3b7732a7520d,Hungarian,Blisse Broe
398,Noreen,Greenman,ngreenmanb1@spiegel.de,768-35-6580,534-740-8415,1ebd851d-488a-4ae5-b4df-9b2807ca92fa,Chinese,Noreen Greenman
399,Rana,Ever,reverb2@loc.gov,865-26-5459,868-971-8142,a0a8dad9-6965-4c6e-ad9c-34b8febd262c,Norwegian,Rana Ever
400,Marsha,Dallander,mdallanderb3@arizona.edu,809-56-8585,912-962-5126,f7ba5980-b2c9-4fba-9923-9268a02bed9e,Zulu,Marsha Dallander
401,Marlane,Miguel,mmiguelb4@dropbox.com,149-83-5513,636-476-9040,d3c487a8-c0ee-4654-9419-b7c2bfd35db2,Chinese,Marlane Miguel
402,Stafford,Barrat,sbarratb5@walmart.com,381-22-6143,879-689-7868,b3eaa31b-0d46-497a-8906-532c6ae95b3f,Bosnian,Stafford Barrat
403,Lottie,Brusin,lbrusinb6@netvibes.com,371-91-9255,748-277-7763,21faba4c-502a-4145-a3c4-d4151d66eb7e,Macedonian,Lottie Brusin
404,Margaretta,Rehorek,mrehorekb7@typepad.com,333-47-9529,525-595-2474,091f3575-2c9d-4f75-ac19-029bab475a12,Tamil,Margaretta Rehorek
405,Chrystal,Blainey,cblaineyb8@amazon.co.jp,493-54-8589,431-385-2339,9c5f3749-7c00-4477-8559-52e5bf8f2561,Afrikaans,Chrystal Blainey
406,Valdemar,Clorley,vclorleyb9@dmoz.org,826-26-6771,519-398-4760,dace11a0-0596-44a2-b41f-69583d432b84,Nepali,Valdemar Clorley
407,Norine,Cardiff,ncardiffba@squarespace.com,734-45-4207,587-566-9449,7ac612bd-3e89-44d9-bee3-39e6b60cf425,Tetum,Norine Cardiff
408,Dierdre,Reaper,dreaperbb@aboutads.info,297-29-3538,408-628-6101,59968750-edd4-4272-9722-f5580c37a7f7,West Frisian,Dierdre Reaper
409,Horatio,Halley,hhalleybc@oaic.gov.au,719-52-0149,919-485-1882,fc2a6ce8-90b7-4432-88a4-a9828f64fe9c,Dzongkha,Horatio Halley
410,Junette,Jurkowski,jjurkowskibd@cisco.com,525-72-0232,468-618-0616,a0338c76-da78-439e-80b8-0bdf2c47ed2f,Norwegian,Junette Jurkowski
411,Estrella,Aldgate,ealdgatebe@berkeley.edu,439-07-7398,748-993-9550,ef52ea6b-4f20-413b-8c41-dc83d5fc7de9,West Frisian,Estrella Aldgate
412,Hetti,Grewer,hgrewerbf@tripod.com,570-03-4064,267-941-6629,d5f841af-4658-4839-87b3-aa04d572b1b6,Swedish,Hetti Grewer
413,Vidovic,Harrington,vharringtonbg@whitehouse.gov,852-58-0195,183-558-6491,59968750-edd4-4272-9722-f5580c37a7f7,Pashto,Vidovic Harrington
414,Pip,Haack,phaackbh@ezinearticles.com,584-82-9160,742-927-1583,e29b7e50-6176-4674-95c4-cc33287900cd,Czech,Pip Haack
415,Jameson,Scotchforth,jscotchforthbi@redcross.org,521-23-4840,630-834-7138,81cb5697-57f8-48f2-9d3a-d467779fe1d1,Sotho,Jameson Scotchforth
416,Chelsea,Caulkett,ccaulkettbj@about.me,614-43-4599,666-330-1280,f6565eee-909a-466d-be35-d6439999b419,Aymara,Chelsea Caulkett
417,Aggie,Foucard,afoucardbk@miitbeian.gov.cn,229-62-7887,702-131-8826,b43ae897-a636-482b-8e25-b9639e716925,Swedish,Aggie Foucard
418,Bennie,Benedtti,bbenedttibl@globo.com,424-20-0795,468-619-6277,f7ba5980-b2c9-4fba-9923-9268a02bed9e,Tswana,Bennie Benedtti
419,Joanie,Ireland,jirelandbm@studiopress.com,497-40-0748,875-348-2695,bf4e9778-d467-48ca-9812-7335ae146b51,Aymara,Joanie Ireland
420,Sue,Gooly,sgoolybn@yandex.ru,442-92-9233,601-376-8491,b723e4e3-75b4-4bd2-a184-e55936b1e42f,Dari,Sue Gooly
421,Fremont,Nilles,fnillesbo@fda.gov,894-35-3704,642-491-9168,3c983dc0-055c-4767-a6b6-566839b236da,Chinese,Fremont Nilles
422,Orly,Phoebe,ophoebebp@nba.com,178-29-8004,104-177-4290,2b70a998-94d7-44ec-91f4-5a5e7d50b6c8,Norwegian,Orly Phoebe
423,Zonda,Swindle,zswindlebq@photobucket.com,124-90-0757,268-124-8480,76324e9a-edac-4a63-b958-02b0b1feff3b,Hiri Motu,Zonda Swindle
424,Pamelina,Khrishtafovich,pkhrishtafovichbr@omniture.com,676-92-2986,182-845-1549,6b3d845e-b970-4907-8d95-40654bf076e3,Arabic,Pamelina Khrishtafovich
425,Uriah,Domengue,udomenguebs@merriam-webster.com,823-42-2869,808-566-9317,63f5151b-17a0-4914-b12f-19063761f7bd,Filipino,Uriah Domengue
426,Charla,Gumery,cgumerybt@theguardian.com,429-87-1478,330-240-2655,7b4ff6a8-783f-4416-a0a6-e58fc2600058,Kyrgyz,Charla Gumery
427,Sidnee,Riggoll,sriggollbu@1und1.de,192-04-1915,796-201-1200,b7800b72-0026-4785-b2c8-f3cc764b5a19,Hiri Motu,Sidnee Riggoll
428,Ibrahim,Nern,inernbv@statcounter.com,763-92-3069,593-741-5816,190fbfdc-7e41-4baa-9707-be0f768cd92f,Montenegrin,Ibrahim Nern
429,Robbi,Plumstead,rplumsteadbw@dailymotion.com,401-34-5526,153-691-7085,5f876b33-cf5b-4e6b-8cbb-c6ed32f494c3,Macedonian,Robbi Plumstead
430,Salvatore,Braven,sbravenbx@sourceforge.net,570-87-0033,730-863-0707,089d8394-2525-48d8-b6bd-89a520d95069,Gagauz,Salvatore Braven
431,Gibby,Chippin,gchippinby@webmd.com,681-91-4706,325-697-2418,41e9156a-4c1a-4a64-93c4-ddc5e172adcf,New Zealand Sign Language,Gibby Chippin
432,Astrid,Kornalik,akornalikbz@ameblo.jp,510-20-2343,467-273-1675,6355c2ce-38b9-427e-b795-af7ceab6064d,Spanish,Astrid Kornalik
433,Wren,Yannikov,wyannikovc0@angelfire.com,356-79-3117,824-400-4075,1ca489b0-8126-402a-864f-008a9ad17ac6,Dhivehi,Wren Yannikov
434,Coraline,MacNess,cmacnessc1@tumblr.com,798-80-2335,298-299-5098,7a0c3496-d6a2-4933-a0ad-45fd5a4f0fb9,West Frisian,Coraline MacNess
435,Bethanne,Schruyer,bschruyerc2@gravatar.com,130-99-8780,283-417-7127,03ab6be8-1014-4b9a-8cad-350df2c0f64d,Persian,Bethanne Schruyer
436,Manuel,Hyndson,mhyndsonc3@arstechnica.com,617-95-4853,206-533-4729,fc47c1c4-1581-45f2-9e2a-b29bf73ad1bb,Tok Pisin,Manuel Hyndson
437,Legra,Fomichkin,lfomichkinc4@goo.gl,840-13-8554,356-749-5032,5e3e051a-0689-4ab3-bf09-527925b65eef,Macedonian,Legra Fomichkin
438,Vivianna,Hearne,vhearnec5@canalblog.com,269-64-3782,365-694-2429,5e3ea6d8-8d17-41bb-b0fc-caba1b83abbf,Finnish,Vivianna Hearne
439,Joycelin,Burkert,jburkertc6@samsung.com,880-57-6447,256-860-2935,20686f70-45d1-446d-95c2-5ee791ed92cc,Japanese,Joycelin Burkert
440,Gertrud,Blench,gblenchc7@wsj.com,734-65-8859,866-725-9930,e6f60218-ff29-4241-8560-169bab790461,Croatian,Gertrud Blench
441,Wileen,Wickmann,wwickmannc8@ameblo.jp,378-19-4382,398-754-0157,793b4e38-ff40-4d79-92d0-2e40f5277c23,Ndebele,Wileen Wickmann
442,Alameda,Greenlies,agreenliesc9@simplemachines.org,681-21-7345,574-780-8991,df136d8e-495e-40be-b29d-7c1b5a88ff20,Hungarian,Alameda Greenlies
443,Brucie,McAuslan,bmcauslanca@imgur.com,287-39-9309,361-423-7789,70f5624f-94c7-4ab2-994d-823d18bc05b3,Moldovan,Brucie McAuslan
444,Jojo,Huyhton,jhuyhtoncb@wiley.com,148-04-7398,866-416-2403,aeaa7066-8cca-48ca-84a9-dad58808b481,Māori,Jojo Huyhton
445,Evy,Gillbard,egillbardcc@drupal.org,867-05-6437,451-740-9490,ce6b36f6-2c3d-4e20-9483-96f5949a6f45,Zulu,Evy Gillbard
446,Erek,Acott,eacottcd@noaa.gov,316-65-8604,917-465-7666,09958cc1-49a2-427f-a8f9-39b0d5f3d496,Chinese,Erek Acott
447,Putnam,Skilbeck,pskilbeckce@forbes.com,114-15-7397,440-739-9460,d85ddfcd-6ee7-4a7c-8c30-ec2f3a0fb4e7,Swati,Putnam Skilbeck
448,Goldi,Kervin,gkervincf@china.com.cn,683-81-0107,445-777-6298,3c983dc0-055c-4767-a6b6-566839b236da,Swati,Goldi Kervin
449,Cornie,Greenhead,cgreenheadcg@usnews.com,699-48-3152,145-442-8247,b81c0120-4c13-4788-9c7c-231d1d11d883,Hungarian,Cornie Greenhead
450,Woody,Dillinger,wdillingerch@prweb.com,371-05-4392,657-589-7921,6a3d0e72-56a0-4545-814b-6d198682510f,Amharic,Woody Dillinger
451,Doy,Van Der Vlies,dvanci@hexun.com,568-54-3422,212-725-2250,bd98017d-989d-43d2-a8f6-46aa0a43e8e2,Japanese,Doy Van Der Vlies
452,Rosaleen,Atwell,ratwellcj@google.com.br,187-30-3824,690-260-8517,3dea5206-1db4-4d4e-a1fc-7b516a9d505d,Hindi,Rosaleen Atwell
453,Gayler,Damiata,gdamiatack@woothemes.com,768-51-0918,641-897-4058,a9196390-41e6-40e6-bed6-8a58896ec1f5,Croatian,Gayler Damiata
454,Gal,Mowles,gmowlescl@indiatimes.com,821-02-3131,950-435-2047,ef1cd9e5-2340-4e9a-adeb-37e85ab6232b,Chinese,Gal Mowles
455,Bank,Iwanowski,biwanowskicm@squarespace.com,401-88-4574,463-125-8308,6f2ade49-bfb4-402d-8d8f-af8f4dee7831,Nepali,Bank Iwanowski
456,Kaine,Lambillion,klambillioncn@dion.ne.jp,587-96-9330,651-489-3585,8eac8fb2-e657-44d2-a030-58fca80e4710,Sotho,Kaine Lambillion
457,Clarice,Fawlks,cfawlksco@networksolutions.com,411-06-8050,861-552-5005,230f3482-35b0-4825-88be-38ea54c17715,Hebrew,Clarice Fawlks
458,Ernie,Porritt,eporrittcp@youku.com,542-70-3454,801-583-9344,bc457ce7-1b3b-4580-ae0b-2c941fe045ec,English,Ernie Porritt
459,Jada,Garvin,jgarvincq@mail.ru,321-11-8367,267-920-4858,a1859c0d-836f-47ce-b6b7-52f7b6d3f45f,Belarusian,Jada Garvin
460,Denise,Rubberts,drubbertscr@dropbox.com,778-07-4276,774-360-8154,5fc72f21-9ba1-4a1b-9784-5d10dbf61763,Macedonian,Denise Rubberts
461,Olimpia,Lankham,olankhamcs@constantcontact.com,218-01-9148,688-242-7315,c804b815-a591-4862-8305-b78738999abd,French,Olimpia Lankham
462,Mavra,Winchurch,mwinchurchct@vinaora.com,653-99-9428,598-402-8995,38880987-9c69-4057-b4a5-64da70bc646c,New Zealand Sign Language,Mavra Winchurch
463,Saw,Astall,sastallcu@youku.com,424-23-5455,931-806-2056,d15df038-e701-49b8-b62b-c512a855eb66,Hebrew,Saw Astall
464,Tyson,Kaindl,tkaindlcv@alexa.com,495-67-0616,972-507-6683,bc97bf3d-fad0-4975-b6da-c2534696cdbd,Dari,Tyson Kaindl
465,Rania,Mapham,rmaphamcw@noaa.gov,279-37-9107,676-747-3907,53cd24df-35a9-4426-8d94-3cbae67697f1,Quechua,Rania Mapham
466,Gilburt,Screeton,gscreetoncx@hc360.com,286-22-0045,616-276-9478,1be647f6-bdc5-4dbf-83ad-3521f625c510,Belarusian,Gilburt Screeton
467,Kailey,Rosewell,krosewellcy@clickbank.net,893-90-3350,515-947-1949,17c3da64-900f-465a-a8b4-5ac1051ecd2e,Filipino,Kailey Rosewell
468,Kassey,Rosie,krosiecz@cloudflare.com,549-50-3401,184-142-3307,1e30927d-8755-498f-88a3-639084a885dd,Gujarati,Kassey Rosie
469,Lorette,Bielfeldt,lbielfeldtd0@hp.com,579-78-4656,254-133-9395,0a3c5e20-0e8e-4dca-abba-77b7660785f5,Macedonian,Lorette Bielfeldt
470,Brennen,Huson,bhusond1@arizona.edu,724-37-3335,288-470-7773,aba40599-6ddb-410f-b3ac-2bc8c6eb30a0,Luxembourgish,Brennen Huson
471,Neddie,Slogrove,nslogroved2@themeforest.net,784-08-8543,452-775-8687,835a6539-9968-485d-a4a4-f09b50dcbc33,Tajik,Neddie Slogrove
472,Gertrud,MacCrachen,gmaccrachend3@cbsnews.com,667-23-8958,323-733-8334,fc47c1c4-1581-45f2-9e2a-b29bf73ad1bb,Sotho,Gertrud MacCrachen
473,Adolpho,Saberton,asabertond4@amazon.co.uk,397-09-8168,498-472-2424,3c983dc0-055c-4767-a6b6-566839b236da,Kurdish,Adolpho Saberton
474,Jeffrey,Durrance,jdurranced5@yandex.ru,410-67-4085,264-917-9566,bdb55cc4-cedc-4840-afb6-356bde2df37f,Kashmiri,Jeffrey Durrance
475,Bonnibelle,Skewis,bskewisd6@t-online.de,433-12-1844,352-376-9509,a83d54a0-5a4c-4061-8a7c-8f88f39b4fc3,Catalan,Bonnibelle Skewis
476,Pryce,Lowthorpe,plowthorped7@ehow.com,696-76-9997,151-771-6148,2af70a9c-1132-464b-857d-17ba98f06b51,Hungarian,Pryce Lowthorpe
477,Keslie,Cordon,kcordond8@yale.edu,459-52-8833,395-188-2469,cbdb21fc-fbd1-44a2-8a94-7f1cd6944b2a,Tsonga,Keslie Cordon
478,Dolley,Warlow,dwarlowd9@who.int,535-55-7346,331-774-8582,f54d0563-597d-4a75-ad92-24fc0333dbd9,Haitian Creole,Dolley Warlow
479,Vale,Bulgen,vbulgenda@trellian.com,858-27-0415,622-286-7482,95fb9723-32a4-4c82-ad85-32c3aaa4e4d8,Kazakh,Vale Bulgen
480,Hercules,Crane,hcranedb@japanpost.jp,265-01-0540,412-214-5409,ee3601a5-4ec3-4d26-a80e-4a3d18d424ab,Burmese,Hercules Crane
481,Aristotle,Tibbs,atibbsdc@timesonline.co.uk,234-38-2810,591-157-1938,26054061-b662-4072-9626-d62edb82dda3,Marathi,Aristotle Tibbs
482,Cal,Vlach,cvlachdd@jugem.jp,746-76-5966,147-284-9421,0e7251f9-1c35-452d-82a0-ec4db9d08896,Kurdish,Cal Vlach
483,Doria,Walby,dwalbyde@is.gd,153-50-4036,634-385-8951,b7355276-b6c4-4d66-87f6-48dd543634f5,Gagauz,Doria Walby
484,Harper,Chilcotte,hchilcottedf@nationalgeographic.com,879-50-3873,125-649-5472,eb623481-df5e-41b7-8ca6-78d64ecaaeef,German,Harper Chilcotte
485,Adelind,Warters,awartersdg@tumblr.com,315-58-3877,873-693-2589,a501f7a7-122b-408c-858b-82a5886e776e,Finnish,Adelind Warters
486,Daryl,Shotton,dshottondh@tripadvisor.com,492-35-9380,879-462-5379,ae0f29f5-4516-409a-acc0-6463f19d08e1,Polish,Daryl Shotton
487,Gradeigh,Farquhar,gfarquhardi@qq.com,547-57-5932,482-429-2409,9b11a0f9-b700-4a25-83f7-1862a77eff36,Polish,Gradeigh Farquhar
488,Marlyn,Bogaert,mbogaertdj@opensource.org,861-52-8665,294-303-6901,193c1b45-69c1-469a-b639-3fd99d541b50,Yiddish,Marlyn Bogaert
489,Bamby,Gantlett,bgantlettdk@over-blog.com,703-69-4966,772-676-1896,6218abf0-ff1b-4f49-bc36-da90073ae030,New Zealand Sign Language,Bamby Gantlett
490,Casey,Minor,cminordl@wunderground.com,247-59-9631,400-261-0187,c502a721-e8c3-4d30-bea1-6bb93fe65a81,Italian,Casey Minor
491,Wilbert,Mottini,wmottinidm@businessweek.com,540-20-5883,478-200-6800,7c84e6cd-3760-4517-b5bf-c034d7d7aa4d,Chinese,Wilbert Mottini
492,Faydra,Dobble,fdobbledn@elegantthemes.com,182-36-8665,335-553-2719,131fa8cd-4d63-43b0-98a8-d5472dc40203,Malay,Faydra Dobble
493,Boony,Fuentes,bfuentesdo@tuttocitta.it,591-12-0265,103-707-1583,9344626f-d7c8-4401-ad7f-d6c8cf8b2328,Nepali,Boony Fuentes
494,Lilia,Braunfeld,lbraunfelddp@flickr.com,287-36-6141,802-876-8196,81aa7ae1-56b7-4d29-9f9f-624641f7441e,Kyrgyz,Lilia Braunfeld
495,Jere,Inderwick,jinderwickdq@reverbnation.com,429-21-0119,317-213-0960,013c45ab-16e5-4966-8b83-6ca287075783,Moldovan,Jere Inderwick
496,Bryant,Lighterness,blighternessdr@npr.org,686-87-2784,792-507-2541,3dea5206-1db4-4d4e-a1fc-7b516a9d505d,Chinese,Bryant Lighterness
497,Krissy,Heine,kheineds@meetup.com,874-42-6879,207-292-5811,788020ab-3d51-49b7-8052-2107593fb1b8,Tajik,Krissy Heine
498,Cherlyn,Wyrall,cwyralldt@quantcast.com,750-54-5257,192-639-6276,90f340d1-345e-4991-b754-5e949a20ab57,Tswana,Cherlyn Wyrall
499,Llywellyn,Sixsmith,lsixsmithdu@yellowpages.com,218-12-6007,768-538-6989,7f42e57b-3891-41ea-b9a9-01847be44f8b,Bosnian,Llywellyn Sixsmith
500,Fredi,Whatsize,fwhatsizedv@ucsd.edu,607-63-4446,806-991-9198,25bf8332-8ea7-4372-9c06-b3e469d34aff,Irish Gaelic,Fredi Whatsize